{
    "mAP50": 0.436907971859039,
    "mAP50-95": 0.25181947457026244,
    "precision": 0.5103657866284005,
    "recall": 0.35367994245022305,
    "f1": 0.41781617788884323,
    "conf_threshold": 0.25,
    "iou_threshold": 0.5,
    "timestamp": "2025-05-16 18:45:00",
    "per_class_ap50": {
        "bike": 0.40619682203423496,
        "bus": 0.38984190933525315,
        "car": 0.7532081587672866,
        "motor": 0.2769085690568248,
        "person": 0.6152623639283795,
        "rider": 0.3675459762528835,
        "traffic light": 0.5475863977191554,
        "traffic sign": 0.5706137564770055,
        "train": 0.0,
        "truck": 0.4419157650193662
    }
}